Year,Total Articles
2004,97873
2005,99939
2006,108381
2007,125860
2008,144090
2009,122035
2010,108920
2011,118663
2012,120930
2013,125551
2014,123105
2015,118486
2016,110396
2017,85363
2018,80131
2019,78753
2020,78924
2021,76842
2022,78965
2023,77315
2024,11210
