Year,Total Anxiety Articles
2024,32
2023,236
2022,272
2021,271
2020,295
2019,306
2018,302
2017,267
2016,297
2015,205
2014,207
2013,144
2012,106
2011,188
2010,87
2009,118
2008,144
2007,121
2006,146
2005,198
2004,213
